probability,avg_num,max_num
0.5,91.31467999999998,219.0
1,47.15151,112.0
1.5,32.358369999999994,76.0
3,17.47363,40.0
4,13.700059999999997,31.0
5,11.442849999999998,26.0
10,6.638020000000001,15.0
15,4.85099,11.0
30,2.8168699999999998,7.0
45,2.02815,6.0
60,1.5824600000000002,5.0
100,1.0,1.0
